Date,Open,High,Low,Close,Volume
31-Dec-15,17.01,17.07,16.83,16.83,47152968
30-Dec-15,17.20,17.24,17.04,17.05,35066378
29-Dec-15,17.25,17.35,17.16,17.28,45670376
28-Dec-15,17.22,17.23,16.98,17.13,41777497
24-Dec-15,17.32,17.38,17.22,17.27,29373415
23-Dec-15,17.16,17.34,17.10,17.34,65770672
22-Dec-15,17.05,17.11,16.85,17.08,56173502
21-Dec-15,16.98,17.03,16.77,16.97,65150270
18-Dec-15,17.19,17.26,16.76,16.76,136737824
17-Dec-15,17.80,17.83,17.30,17.30,97265726
16-Dec-15,17.65,17.78,17.23,17.75,171576652
15-Dec-15,17.02,17.49,16.99,17.42,99737154
14-Dec-15,16.76,16.89,16.50,16.80,120589534
11-Dec-15,16.97,17.06,16.64,16.73,91503850
10-Dec-15,17.15,17.41,16.96,17.20,68395011
9-Dec-15,17.11,17.38,16.87,17.10,82418050
8-Dec-15,17.39,17.46,17.13,17.19,84873480
7-Dec-15,17.79,17.80,17.44,17.54,81633309
4-Dec-15,17.44,17.83,17.38,17.80,103021728
3-Dec-15,17.68,17.76,17.25,17.30,95810096
2-Dec-15,17.88,17.89,17.55,17.62,76675759
1-Dec-15,17.52,17.81,17.48,17.81,74130038
30-Nov-15,17.48,17.58,17.42,17.43,59755532
27-Nov-15,17.46,17.50,17.33,17.48,22935528
25-Nov-15,17.51,17.57,17.41,17.44,34939034
24-Nov-15,17.26,17.57,17.25,17.47,57915299
23-Nov-15,17.62,17.73,17.46,17.47,50317909
20-Nov-15,17.81,17.83,17.59,17.65,56108450
19-Nov-15,17.78,17.85,17.62,17.69,51517056
18-Nov-15,17.43,17.87,17.43,17.84,84683912
17-Nov-15,17.50,17.60,17.34,17.42,67534742
16-Nov-15,17.13,17.46,17.01,17.43,69071046
13-Nov-15,17.13,17.31,17.09,17.20,101652210
12-Nov-15,17.58,17.63,17.35,17.37,75802654
11-Nov-15,17.99,17.99,17.68,17.75,58891874
10-Nov-15,17.63,17.94,17.56,17.85,58592757
9-Nov-15,18.03,18.08,17.56,17.68,129703704
6-Nov-15,17.84,18.09,17.76,17.95,157841072
5-Nov-15,17.03,17.37,17.03,17.31,84858708
4-Nov-15,17.30,17.31,16.96,17.01,78589564
3-Nov-15,17.01,17.26,16.99,17.18,65254658
2-Nov-15,16.90,17.14,16.87,17.06,56775467
30-Oct-15,17.18,17.18,16.76,16.78,87250077
29-Oct-15,17.16,17.44,16.97,17.09,94747126
28-Oct-15,16.45,17.31,16.44,17.28,146214215
27-Oct-15,16.40,16.47,16.30,16.40,55860533
26-Oct-15,16.52,16.55,16.34,16.51,64750096
23-Oct-15,16.29,16.55,16.25,16.52,82136801
22-Oct-15,16.00,16.20,16.00,16.16,73798989
21-Oct-15,16.26,16.29,15.90,15.90,64469946
20-Oct-15,16.16,16.29,16.10,16.20,50698227
19-Oct-15,16.00,16.21,15.98,16.14,62826092
16-Oct-15,16.28,16.29,16.03,16.12,66842906
15-Oct-15,15.81,16.28,15.72,16.19,127028772
14-Oct-15,15.77,15.92,15.55,15.64,121343457
13-Oct-15,15.45,15.59,15.40,15.52,73121683
12-Oct-15,15.60,15.62,15.43,15.52,50575841
9-Oct-15,15.75,15.82,15.50,15.58,76345672
8-Oct-15,15.72,15.78,15.51,15.75,78998981
7-Oct-15,15.78,15.93,15.57,15.75,66812895
6-Oct-15,15.68,15.82,15.57,15.69,67035610
5-Oct-15,15.45,15.79,15.44,15.69,74805437
2-Oct-15,15.08,15.38,14.63,15.38,181366942
1-Oct-15,15.52,15.64,15.36,15.55,71119595
30-Sep-15,15.55,15.60,15.32,15.58,71158779
29-Sep-15,15.50,15.53,15.25,15.35,79119311
28-Sep-15,15.79,15.82,15.38,15.47,89296058
25-Sep-15,15.88,16.02,15.81,15.89,88366769
24-Sep-15,15.54,15.62,15.40,15.55,98300610
23-Sep-15,15.60,15.85,15.58,15.72,77413051
22-Sep-15,15.49,15.58,15.45,15.57,91466471
21-Sep-15,15.67,15.75,15.57,15.70,60406647
18-Sep-15,15.68,15.71,15.50,15.56,136049467
17-Sep-15,16.29,16.48,15.78,15.86,116327670
16-Sep-15,16.35,16.39,16.09,16.33,82158264
15-Sep-15,16.04,16.39,16.01,16.31,61577304
14-Sep-15,15.97,16.07,15.90,15.96,50334931
11-Sep-15,15.99,16.06,15.90,16.04,54012623
10-Sep-15,15.87,16.11,15.81,16.04,70822492
9-Sep-15,16.37,16.46,15.83,15.90,69916275
8-Sep-15,15.96,16.16,15.90,16.16,73426810
4-Sep-15,15.79,15.86,15.50,15.65,104237144
3-Sep-15,15.97,16.19,15.87,15.94,76575671
2-Sep-15,15.82,15.86,15.57,15.85,74472679
1-Sep-15,15.95,16.05,15.46,15.58,118490460
31-Aug-15,16.33,16.38,16.18,16.34,65630601
28-Aug-15,16.40,16.44,16.20,16.36,75497734
27-Aug-15,16.38,16.45,16.09,16.44,122744258
26-Aug-15,15.81,16.06,15.34,16.06,173289252
25-Aug-15,16.20,16.20,15.25,15.26,192418512
24-Aug-15,15.02,15.98,14.60,15.29,213233361
21-Aug-15,16.20,16.66,16.10,16.10,147980934
20-Aug-15,17.19,17.20,16.72,16.72,148542862
19-Aug-15,17.55,17.69,17.44,17.46,78540513
18-Aug-15,17.72,17.90,17.65,17.69,50360727
17-Aug-15,17.61,17.81,17.56,17.77,42309963
14-Aug-15,17.57,17.70,17.54,17.70,52710258
13-Aug-15,17.56,17.69,17.44,17.62,67456183
12-Aug-15,17.62,17.64,17.02,17.52,143433552
11-Aug-15,17.85,17.97,17.72,17.79,65868585
10-Aug-15,17.87,18.05,17.86,18.04,65791191
7-Aug-15,17.92,18.07,17.60,17.75,71020703
6-Aug-15,17.91,17.98,17.77,17.81,47594722
5-Aug-15,17.93,18.04,17.80,17.87,65228627
4-Aug-15,17.79,17.93,17.71,17.80,69741507
3-Aug-15,17.91,17.96,17.64,17.77,62376780
31-Jul-15,18.03,18.06,17.86,17.88,67176946
30-Jul-15,18.20,18.29,18.05,18.13,65667898
29-Jul-15,17.95,18.20,17.92,18.16,96388569
28-Jul-15,17.79,17.89,17.60,17.88,82166817
27-Jul-15,17.66,17.78,17.50,17.67,93231917
24-Jul-15,18.20,18.23,17.84,17.90,86364298
23-Jul-15,18.39,18.43,18.08,18.18,103650135
22-Jul-15,18.03,18.48,18.03,18.45,110327018
21-Jul-15,18.11,18.17,18.02,18.08,63732762
20-Jul-15,18.15,18.23,18.08,18.12,71980057
17-Jul-15,17.96,18.16,17.89,18.10,96894911
16-Jul-15,17.91,18.07,17.86,17.95,117054318
15-Jul-15,17.53,17.85,17.49,17.68,173099934
14-Jul-15,16.93,17.15,16.86,17.13,69999818
13-Jul-15,16.97,17.05,16.90,17.02,67934294
10-Jul-15,16.80,16.84,16.66,16.70,72965257
9-Jul-15,16.53,16.72,16.45,16.48,81534426
8-Jul-15,16.42,16.50,16.22,16.25,83032960
7-Jul-15,16.90,16.93,16.34,16.69,115450479
6-Jul-15,16.78,17.01,16.71,16.94,58726886
2-Jul-15,17.16,17.21,16.89,17.03,64736475
1-Jul-15,17.25,17.31,17.09,17.22,62317352
30-Jun-15,17.08,17.13,16.85,17.02,89039753
29-Jun-15,17.13,17.25,16.86,16.89,98604168
26-Jun-15,17.48,17.52,17.35,17.41,63080788
25-Jun-15,17.57,17.62,17.35,17.37,59772167
24-Jun-15,17.53,17.69,17.45,17.49,59079475
23-Jun-15,17.56,17.72,17.56,17.67,63865708
22-Jun-15,17.36,17.53,17.35,17.47,58477740
19-Jun-15,17.28,17.39,17.12,17.17,83395443
18-Jun-15,17.35,17.40,17.22,17.38,97599930
17-Jun-15,17.59,17.60,17.30,17.37,88712103
16-Jun-15,17.46,17.56,17.37,17.55,47291181
15-Jun-15,17.33,17.50,17.25,17.47,68053373
12-Jun-15,17.45,17.58,17.36,17.49,53149442
11-Jun-15,17.62,17.68,17.44,17.49,77191527
10-Jun-15,17.39,17.62,17.36,17.59,102643147
9-Jun-15,17.05,17.35,17.00,17.31,82104858
8-Jun-15,17.27,17.33,17.05,17.08,69749600
5-Jun-15,17.04,17.35,16.96,17.19,119087408
4-Jun-15,16.87,16.98,16.72,16.78,61025453
3-Jun-15,16.79,17.02,16.74,16.93,89614868
2-Jun-15,16.52,16.76,16.50,16.72,65513210
1-Jun-15,16.58,16.64,16.47,16.55,62941625
29-May-15,16.66,16.67,16.47,16.50,74266166
28-May-15,16.72,16.73,16.58,16.67,60969979
27-May-15,16.56,16.75,16.54,16.74,70026719
26-May-15,16.73,16.73,16.43,16.50,100048158
22-May-15,16.72,16.80,16.70,16.75,47032906
21-May-15,16.71,16.75,16.56,16.73,52056583
20-May-15,16.78,16.85,16.63,16.74,67683965
19-May-15,16.59,16.78,16.58,16.77,89115475
18-May-15,16.31,16.54,16.31,16.51,51059870
15-May-15,16.52,16.52,16.30,16.35,54937772
14-May-15,16.53,16.59,16.45,16.52,55395660
13-May-15,16.44,16.52,16.36,16.47,47330638
12-May-15,16.46,16.48,16.35,16.43,59627058
11-May-15,16.45,16.59,16.43,16.49,56246007
8-May-15,16.32,16.46,16.22,16.45,86333659
7-May-15,16.23,16.33,16.09,16.24,73794827
6-May-15,16.36,16.49,16.08,16.29,96426526
5-May-15,16.42,16.61,16.33,16.35,106148744
4-May-15,16.14,16.45,16.12,16.44,76592284
1-May-15,16.00,16.15,15.92,16.11,78171362
30-Apr-15,16.00,16.05,15.79,15.93,78313865
29-Apr-15,15.60,16.04,15.57,15.98,134499395
28-Apr-15,15.58,15.71,15.50,15.65,58080055
27-Apr-15,15.63,15.76,15.56,15.56,73523391
24-Apr-15,15.71,15.75,15.61,15.64,40766109
23-Apr-15,15.72,15.80,15.68,15.69,50292151
22-Apr-15,15.55,15.83,15.49,15.74,73092762
21-Apr-15,15.60,15.64,15.43,15.50,64033133
20-Apr-15,15.62,15.69,15.56,15.57,53649399
17-Apr-15,15.71,15.75,15.50,15.56,88994274
16-Apr-15,15.64,15.94,15.58,15.79,105591004
15-Apr-15,15.70,15.85,15.59,15.64,124479058
14-Apr-15,15.88,15.95,15.71,15.82,84385405
13-Apr-15,15.78,15.86,15.74,15.80,49191244
10-Apr-15,15.69,15.79,15.60,15.72,43817662
9-Apr-15,15.63,15.76,15.53,15.71,44935551
8-Apr-15,15.51,15.74,15.50,15.61,71732476
7-Apr-15,15.53,15.65,15.45,15.46,50057793
6-Apr-15,15.39,15.60,15.34,15.51,51189543
2-Apr-15,15.43,15.62,15.43,15.54,50443508
1-Apr-15,15.42,15.46,15.25,15.41,73153854
31-Mar-15,15.50,15.52,15.38,15.39,61381735
30-Mar-15,15.42,15.61,15.40,15.52,70835266
27-Mar-15,15.48,15.49,15.27,15.31,73140825
26-Mar-15,15.38,15.54,15.26,15.42,76741501
25-Mar-15,15.63,15.65,15.40,15.41,88541470
24-Mar-15,15.73,15.80,15.61,15.61,77010981
23-Mar-15,15.82,15.88,15.72,15.72,73773531
20-Mar-15,15.70,15.93,15.64,15.84,99867679
19-Mar-15,15.96,15.97,15.61,15.61,109169157
18-Mar-15,16.01,16.10,15.91,15.98,86387603
17-Mar-15,16.07,16.12,15.96,16.09,67314982
16-Mar-15,16.11,16.22,15.85,16.13,63406461
13-Mar-15,16.08,16.15,15.94,16.09,88581887
12-Mar-15,16.05,16.21,15.90,16.09,126376330
11-Mar-15,15.92,16.16,15.87,16.11,85910140
10-Mar-15,16.04,16.13,15.79,15.79,85633552
9-Mar-15,16.31,16.33,16.12,16.17,72912722
6-Mar-15,16.41,16.62,16.16,16.22,163207226
5-Mar-15,15.92,16.03,15.74,16.00,69509958
4-Mar-15,15.96,15.98,15.76,15.84,78441603
3-Mar-15,16.03,16.15,15.96,16.04,65689812
2-Mar-15,15.79,16.03,15.72,16.01,71402439
27-Feb-15,15.78,15.88,15.62,15.81,130448222
26-Feb-15,16.42,16.44,15.90,16.04,161100671
25-Feb-15,16.37,16.50,16.32,16.49,57200974
24-Feb-15,16.27,16.55,16.25,16.38,74109596
23-Feb-15,16.32,16.32,16.10,16.20,87623654
20-Feb-15,16.14,16.43,16.01,16.38,89763586
19-Feb-15,16.21,16.38,16.08,16.21,83604303
18-Feb-15,16.55,16.56,16.24,16.30,84057353
17-Feb-15,16.52,16.68,16.37,16.63,93350603
13-Feb-15,16.73,16.79,16.54,16.61,93632718
12-Feb-15,16.41,16.73,16.37,16.67,116394126
11-Feb-15,16.33,16.45,16.21,16.36,99924367
10-Feb-15,16.56,16.62,16.35,16.42,100322839
9-Feb-15,16.35,16.50,16.25,16.35,95532929
6-Feb-15,16.30,16.75,16.22,16.49,160832299
5-Feb-15,15.98,16.09,15.90,15.97,92264706
4-Feb-15,15.79,16.00,15.75,15.79,83848119
3-Feb-15,15.62,15.93,15.61,15.89,105159425
2-Feb-15,15.27,15.49,15.12,15.46,101586694
30-Jan-15,15.23,15.47,15.15,15.15,99844602
29-Jan-15,15.31,15.49,15.20,15.43,76095811
28-Jan-15,15.72,15.73,15.18,15.20,105359816
27-Jan-15,15.55,15.79,15.48,15.63,86184227
26-Jan-15,15.72,15.93,15.70,15.85,69969283
23-Jan-15,16.04,16.19,15.73,15.73,103376863
22-Jan-15,15.55,16.19,15.43,16.09,183042071
21-Jan-15,15.28,15.57,15.15,15.41,101054166
20-Jan-15,15.59,15.63,15.20,15.26,123402773
16-Jan-15,15.16,15.40,14.97,15.38,149802031
15-Jan-15,15.59,15.76,15.15,15.20,193241269
14-Jan-15,16.00,16.22,15.77,16.04,164779753
13-Jan-15,16.82,16.89,16.32,16.45,100845428
12-Jan-15,17.02,17.03,16.66,16.68,92762501
9-Jan-15,17.38,17.38,16.95,16.98,84144582
8-Jan-15,17.16,17.34,17.10,17.29,73388499
7-Jan-15,17.14,17.18,16.87,16.94,104603795
6-Jan-15,17.42,17.44,16.78,16.86,144912399
5-Jan-15,17.78,17.81,17.29,17.38,105605485
2-Jan-15,17.99,18.03,17.68,17.90,48951133
31-Dec-14,18.19,18.21,17.89,17.89,57819572
30-Dec-14,18.04,18.18,18.01,18.13,41433523
29-Dec-14,17.97,18.19,17.91,18.11,58370887
26-Dec-14,18.02,18.05,17.95,17.98,34362457
24-Dec-14,17.96,18.10,17.92,17.98,35091254
23-Dec-14,17.83,17.99,17.78,17.93,94405246
22-Dec-14,17.65,17.73,17.55,17.71,70969282
19-Dec-14,17.49,17.70,17.49,17.62,105588213
18-Dec-14,17.47,17.53,17.34,17.53,79333998
17-Dec-14,16.87,17.27,16.82,17.26,92164082
16-Dec-14,16.74,17.19,16.59,16.72,96111951
15-Dec-14,17.30,17.31,16.76,16.85,101305256
12-Dec-14,17.37,17.45,17.13,17.13,88886701
11-Dec-14,17.44,17.65,17.44,17.47,80173209
10-Dec-14,17.48,17.68,17.37,17.38,103611138
9-Dec-14,17.18,17.59,17.17,17.56,95965217
8-Dec-14,17.66,17.87,17.51,17.66,101035132
5-Dec-14,17.41,17.71,17.35,17.68,131823990
4-Dec-14,17.24,17.34,17.13,17.21,49773593
3-Dec-14,17.10,17.30,17.06,17.29,70104217
2-Dec-14,16.87,17.15,16.86,17.15,62945173
1-Dec-14,16.92,16.94,16.73,16.79,61173148
28-Nov-14,17.07,17.15,17.03,17.04,27834925
26-Nov-14,17.12,17.15,17.04,17.11,27358440
25-Nov-14,17.23,17.26,17.08,17.10,44786324
24-Nov-14,17.16,17.28,17.08,17.18,52785687
21-Nov-14,17.15,17.19,17.06,17.12,62999975
20-Nov-14,16.96,17.01,16.83,17.00,49652114
19-Nov-14,17.14,17.15,17.01,17.06,49441553
18-Nov-14,17.07,17.22,17.06,17.14,39490695
17-Nov-14,17.06,17.14,16.97,17.09,43393347
14-Nov-14,17.16,17.25,17.10,17.14,41144632
13-Nov-14,17.28,17.30,17.12,17.22,50586273
12-Nov-14,17.24,17.30,17.07,17.29,48669101
11-Nov-14,17.37,17.46,17.30,17.32,62236029
10-Nov-14,17.36,17.40,17.30,17.37,54261121
7-Nov-14,17.31,17.38,17.22,17.36,53907826
6-Nov-14,17.34,17.40,17.28,17.36,57339203
5-Nov-14,17.32,17.37,17.21,17.34,58608232
4-Nov-14,17.22,17.30,17.02,17.21,53515435
3-Nov-14,17.18,17.35,17.10,17.27,64109402
31-Oct-14,17.17,17.22,17.10,17.16,82788923
30-Oct-14,16.96,17.12,16.84,17.03,72579120
29-Oct-14,16.77,17.02,16.71,16.99,99875657
28-Oct-14,16.62,16.80,16.61,16.80,71850839
27-Oct-14,16.68,16.69,16.50,16.59,51499970
24-Oct-14,16.63,16.72,16.56,16.72,41951414
23-Oct-14,16.58,16.73,16.52,16.60,68436551
22-Oct-14,16.59,16.70,16.37,16.40,85199795
21-Oct-14,16.43,16.61,16.31,16.60,78287334
20-Oct-14,16.20,16.33,16.16,16.26,76510730
17-Oct-14,16.25,16.41,16.16,16.21,94339180
16-Oct-14,15.61,16.25,15.52,16.08,148199432
15-Oct-14,16.23,16.24,15.43,15.76,216591804
14-Oct-14,16.51,16.63,16.36,16.52,97451881
13-Oct-14,16.48,16.67,16.40,16.40,92674130
10-Oct-14,16.52,16.77,16.36,16.48,129552650
9-Oct-14,17.04,17.11,16.55,16.59,121363088
8-Oct-14,16.88,17.12,16.72,17.12,101266804
7-Oct-14,17.18,17.20,16.88,16.88,91396327
6-Oct-14,17.37,17.41,17.22,17.29,66212066
3-Oct-14,17.11,17.30,17.06,17.29,110840569
2-Oct-14,16.86,16.99,16.63,16.88,118018774
1-Oct-14,17.07,17.09,16.80,16.82,91235935
30-Sep-14,17.08,17.11,16.97,17.05,82217388
29-Sep-14,16.91,17.05,16.88,17.01,68038311
26-Sep-14,16.91,17.05,16.89,17.03,66785876
25-Sep-14,17.16,17.18,16.85,16.85,104522487
24-Sep-14,17.12,17.19,16.97,17.18,86396124
23-Sep-14,17.05,17.20,17.03,17.05,91921935
22-Sep-14,17.09,17.17,16.99,17.03,109276696
19-Sep-14,17.15,17.17,16.88,16.95,88455049
18-Sep-14,16.88,17.15,16.87,17.04,111923229
17-Sep-14,16.71,16.93,16.68,16.77,82902719
16-Sep-14,16.67,16.84,16.67,16.71,65017235
15-Sep-14,16.80,16.93,16.62,16.74,87306899
12-Sep-14,16.62,16.83,16.61,16.79,117118283
11-Sep-14,16.32,16.63,16.30,16.57,106951724
10-Sep-14,16.16,16.40,16.13,16.36,75656101
9-Sep-14,16.25,16.26,16.10,16.14,82428852
8-Sep-14,16.19,16.37,16.15,16.35,99411156
5-Sep-14,16.05,16.07,15.90,16.02,80974901
4-Sep-14,16.10,16.27,16.04,16.11,56378610
3-Sep-14,16.27,16.28,16.04,16.10,67418919
2-Sep-14,16.14,16.28,16.06,16.27,59400412
29-Aug-14,16.04,16.14,16.02,16.09,50106605
28-Aug-14,16.10,16.10,15.99,16.01,62170376
27-Aug-14,16.37,16.39,16.14,16.20,63061789
26-Aug-14,16.34,16.46,16.32,16.33,73323418
25-Aug-14,16.27,16.40,16.20,16.29,89396509
22-Aug-14,16.16,16.29,16.05,16.13,107641751
21-Aug-14,15.69,16.22,15.62,16.16,177294357
20-Aug-14,15.41,15.63,15.37,15.52,57824956
19-Aug-14,15.52,15.65,15.44,15.45,44825522
18-Aug-14,15.28,15.45,15.27,15.45,54968626
15-Aug-14,15.34,15.41,15.14,15.22,61535490
14-Aug-14,15.26,15.32,15.26,15.32,29934562
13-Aug-14,15.25,15.29,15.20,15.25,34394601
12-Aug-14,15.18,15.30,15.15,15.21,33674350
11-Aug-14,15.26,15.27,15.15,15.22,41545118
8-Aug-14,15.08,15.20,14.99,15.20,54495011
7-Aug-14,15.44,15.44,15.09,15.12,80058315
6-Aug-14,15.14,15.36,15.14,15.20,95977855
5-Aug-14,15.01,15.20,14.90,15.00,65071526
4-Aug-14,15.06,15.12,14.98,15.05,51954672
1-Aug-14,15.18,15.39,14.84,14.98,115978873
31-Jul-14,15.44,15.55,15.25,15.25,70677323
30-Jul-14,15.43,15.66,15.31,15.58,83243060
29-Jul-14,15.52,15.53,15.34,15.34,51480454
28-Jul-14,15.58,15.61,15.46,15.50,39322309
25-Jul-14,15.58,15.63,15.55,15.59,35627167
24-Jul-14,15.56,15.64,15.55,15.62,46549768
23-Jul-14,15.52,15.63,15.51,15.52,47253265
22-Jul-14,15.59,15.62,15.47,15.52,58331052
21-Jul-14,15.42,15.55,15.36,15.52,61802195
18-Jul-14,15.27,15.50,15.25,15.49,74859177
17-Jul-14,15.45,15.48,15.13,15.20,114839948
16-Jul-14,15.66,15.66,15.43,15.51,123897391
15-Jul-14,15.75,15.85,15.66,15.81,100196217
14-Jul-14,15.62,15.67,15.52,15.57,59181661
11-Jul-14,15.39,15.43,15.30,15.38,56849387
10-Jul-14,15.33,15.53,15.25,15.44,61458471
9-Jul-14,15.62,15.69,15.54,15.60,46415844
8-Jul-14,15.82,15.83,15.52,15.58,73343353
7-Jul-14,15.99,16.00,15.83,15.94,62437058
3-Jul-14,16.07,16.23,16.00,16.03,70582291
2-Jul-14,15.78,16.03,15.76,15.85,87685843
1-Jul-14,15.38,15.65,15.38,15.60,74193538
30-Jun-14,15.31,15.45,15.29,15.37,47776848
27-Jun-14,15.38,15.42,15.31,15.33,58149183
26-Jun-14,15.44,15.53,15.27,15.41,68519602
25-Jun-14,15.45,15.49,15.28,15.47,71766365
24-Jun-14,15.56,15.70,15.44,15.49,73262475
23-Jun-14,15.47,15.65,15.38,15.64,58492242
20-Jun-14,15.63,15.63,15.44,15.45,54765268
19-Jun-14,15.66,15.67,15.50,15.55,40953928
18-Jun-14,15.63,15.69,15.44,15.65,70220339
17-Jun-14,15.26,15.62,15.26,15.59,58011594
16-Jun-14,15.30,15.31,15.18,15.28,55425378
13-Jun-14,15.46,15.55,15.33,15.44,61588127
12-Jun-14,15.57,15.66,15.38,15.42,66173155
11-Jun-14,15.69,15.82,15.55,15.59,73729322
10-Jun-14,15.78,15.94,15.73,15.92,49852855
9-Jun-14,15.60,15.88,15.60,15.84,78647895
6-Jun-14,15.45,15.65,15.43,15.59,73930478
5-Jun-14,15.28,15.48,15.22,15.43,60300456
4-Jun-14,15.19,15.26,15.15,15.21,39757265
3-Jun-14,15.20,15.28,15.11,15.21,49025413
2-Jun-14,15.16,15.28,15.05,15.26,46373953
30-May-14,15.12,15.23,15.07,15.14,45787134
29-May-14,15.12,15.21,15.10,15.15,39423038
28-May-14,15.27,15.28,15.03,15.14,72481688
27-May-14,15.00,15.31,14.98,15.22,125398936
23-May-14,14.71,14.81,14.65,14.72,51648948
22-May-14,14.58,14.72,14.55,14.71,51929418
21-May-14,14.59,14.71,14.50,14.61,64808554
20-May-14,14.65,14.69,14.48,14.53,60108208
19-May-14,14.42,14.70,14.38,14.67,51034696
16-May-14,14.51,14.54,14.37,14.51,80476129
15-May-14,14.82,14.83,14.39,14.55,104192968
14-May-14,14.99,15.02,14.81,14.84,52431852
13-May-14,15.04,15.10,14.94,15.03,58469055
12-May-14,14.79,15.10,14.79,15.07,70669928
9-May-14,14.95,14.99,14.67,14.74,86751616
8-May-14,14.85,15.04,14.80,14.93,65232716
7-May-14,14.86,14.92,14.75,14.80,91733037
6-May-14,15.03,15.03,14.72,14.73,96268311
5-May-14,15.08,15.13,15.02,15.08,51669134
2-May-14,15.18,15.29,15.10,15.25,73562859
1-May-14,15.14,15.22,15.03,15.09,68368291
30-Apr-14,15.26,15.27,15.13,15.14,82359669
29-Apr-14,15.04,15.30,14.91,15.24,155495010
28-Apr-14,15.33,15.41,14.86,14.95,344935158
25-Apr-14,16.10,16.23,15.93,15.95,84617726
24-Apr-14,16.43,16.50,16.21,16.34,73910944
23-Apr-14,16.30,16.40,16.23,16.37,52425644
22-Apr-14,16.09,16.34,16.04,16.29,77888859
21-Apr-14,16.15,16.17,16.03,16.09,51280450
17-Apr-14,16.14,16.25,15.93,16.15,104765535
16-Apr-14,16.20,16.22,15.78,16.13,172948930
15-Apr-14,16.09,16.41,15.96,16.39,134956615
14-Apr-14,16.05,16.22,15.78,16.00,99249360
11-Apr-14,15.86,16.13,15.62,15.77,133757149
10-Apr-14,16.62,16.62,16.10,16.12,98390934
9-Apr-14,16.55,16.63,16.34,16.62,83096413
8-Apr-14,16.37,16.50,16.25,16.44,75769671
7-Apr-14,16.69,16.70,16.19,16.38,129464876
4-Apr-14,17.21,17.22,16.70,16.72,110409594
3-Apr-14,17.21,17.24,17.03,17.15,56534512
2-Apr-14,17.35,17.38,17.13,17.23,65349017
1-Apr-14,17.28,17.40,17.26,17.34,57423776
31-Mar-14,17.15,17.27,17.12,17.20,62115774
28-Mar-14,17.08,17.15,16.85,16.98,79909509
27-Mar-14,17.28,17.49,16.83,17.01,175139455
26-Mar-14,17.38,17.40,17.18,17.18,97573715
25-Mar-14,17.49,17.58,17.20,17.21,98348557
24-Mar-14,17.62,17.65,17.30,17.37,118499989
21-Mar-14,18.03,18.03,17.56,17.56,156026291
20-Mar-14,17.44,18.00,17.43,17.92,167048671
19-Mar-14,17.16,17.49,17.12,17.44,105006477
18-Mar-14,17.14,17.22,17.07,17.19,67402402
17-Mar-14,16.98,17.17,16.97,17.11,79942183
14-Mar-14,17.08,17.22,16.76,16.80,131297215
13-Mar-14,17.34,17.47,17.07,17.16,100875677
12-Mar-14,17.18,17.33,17.07,17.28,83501627
11-Mar-14,17.51,17.52,17.25,17.27,90642730
10-Mar-14,17.27,17.47,17.25,17.47,81974096
7-Mar-14,17.54,17.59,17.25,17.33,109771403
6-Mar-14,17.42,17.63,17.31,17.35,138302215
5-Mar-14,16.79,17.31,16.78,17.25,207621573
4-Mar-14,16.48,16.74,16.43,16.73,101701851
3-Mar-14,16.30,16.41,16.19,16.30,88020440
28-Feb-14,16.49,16.65,16.34,16.53,126312615
27-Feb-14,16.27,16.49,16.21,16.49,71807622
26-Feb-14,16.36,16.40,16.13,16.33,90012056
25-Feb-14,16.50,16.56,16.32,16.34,81617640
24-Feb-14,16.30,16.63,16.30,16.53,103039579
21-Feb-14,16.29,16.48,16.25,16.29,106622165
20-Feb-14,16.22,16.36,16.18,16.30,107820954
19-Feb-14,16.38,16.45,16.18,16.20,138080546
18-Feb-14,16.70,16.74,16.47,16.47,122179187
14-Feb-14,16.74,16.76,16.65,16.70,113375071
13-Feb-14,16.64,16.82,16.63,16.75,96047289
12-Feb-14,16.87,16.91,16.65,16.75,97286498
11-Feb-14,16.72,16.92,16.64,16.88,92866298
10-Feb-14,16.71,16.73,16.60,16.72,96136622
7-Feb-14,16.82,16.88,16.63,16.82,151911622
6-Feb-14,16.45,16.73,16.44,16.69,110229403
5-Feb-14,16.31,16.45,16.15,16.40,110835126
4-Feb-14,16.49,16.56,16.26,16.35,125833754
3-Feb-14,16.77,16.88,16.30,16.35,160718806
31-Jan-14,16.72,16.98,16.61,16.75,139608553
30-Jan-14,16.81,16.99,16.76,16.93,91147776
29-Jan-14,16.55,16.85,16.49,16.68,130381992
28-Jan-14,16.45,16.76,16.37,16.73,93652513
27-Jan-14,16.37,16.54,16.06,16.31,135060624
24-Jan-14,16.67,16.72,16.45,16.45,114269725
23-Jan-14,17.07,17.09,16.74,16.86,124037063
22-Jan-14,17.08,17.15,17.00,17.15,68231534
21-Jan-14,17.08,17.16,16.87,17.01,118388995
17-Jan-14,17.20,17.22,16.99,17.01,96509703
16-Jan-14,17.09,17.14,16.99,17.08,163879260
15-Jan-14,17.23,17.42,17.11,17.15,330005943
14-Jan-14,16.54,16.77,16.53,16.77,98517898
13-Jan-14,16.79,16.80,16.40,16.43,90827849
10-Jan-14,16.75,16.79,16.61,16.77,87682477
9-Jan-14,16.67,16.93,16.62,16.83,101275343
8-Jan-14,16.67,16.69,16.52,16.58,101227932
7-Jan-14,16.77,16.79,16.45,16.50,112141137
6-Jan-14,16.62,16.73,16.56,16.66,114727379
3-Jan-14,16.27,16.50,16.23,16.41,130054547
2-Jan-14,15.69,16.16,15.68,16.10,149225696
31-Dec-13,15.60,15.62,15.51,15.57,57230964
30-Dec-13,15.64,15.69,15.52,15.54,56218765
27-Dec-13,15.67,15.70,15.58,15.67,40049258
26-Dec-13,15.74,15.75,15.64,15.65,48803604
24-Dec-13,15.72,15.75,15.67,15.70,21770357
23-Dec-13,15.72,15.79,15.69,15.69,52565832
20-Dec-13,15.76,15.87,15.60,15.60,131956017
19-Dec-13,15.66,15.79,15.60,15.75,97918712
18-Dec-13,15.29,15.71,15.06,15.69,152929327
17-Dec-13,15.24,15.30,15.14,15.18,74247281
16-Dec-13,15.23,15.34,15.20,15.24,71466952
13-Dec-13,15.28,15.33,15.13,15.18,61575599
12-Dec-13,15.26,15.35,15.12,15.25,76113932
11-Dec-13,15.55,15.55,15.18,15.25,117565003
10-Dec-13,15.52,15.68,15.51,15.56,67486267
9-Dec-13,15.63,15.67,15.56,15.58,50167185
6-Dec-13,15.61,15.72,15.46,15.56,92203072
5-Dec-13,15.61,15.64,15.36,15.43,95230455
4-Dec-13,15.39,15.73,15.36,15.63,96678149
3-Dec-13,15.64,15.79,15.39,15.54,106450288
2-Dec-13,15.84,15.97,15.70,15.73,92987434
29-Nov-13,15.84,15.92,15.79,15.82,44288423
27-Nov-13,15.87,15.94,15.76,15.83,75503648
26-Nov-13,15.84,15.97,15.81,15.88,114833655
25-Nov-13,15.67,15.98,15.66,15.81,153765538
22-Nov-13,15.70,15.79,15.60,15.64,110331145
21-Nov-13,15.22,15.60,15.20,15.59,142053629
20-Nov-13,15.25,15.27,15.08,15.14,107174852
19-Nov-13,14.98,15.30,14.97,15.20,161505567
18-Nov-13,14.98,15.17,14.86,14.92,145554412
15-Nov-13,14.79,14.95,14.77,14.92,105475307
14-Nov-13,14.68,14.82,14.61,14.80,128999354
13-Nov-13,14.26,14.64,14.20,14.64,128018534
12-Nov-13,14.33,14.46,14.26,14.32,69498250
11-Nov-13,14.27,14.42,14.24,14.40,66357382
8-Nov-13,13.86,14.32,13.84,14.32,158227341
7-Nov-13,14.00,14.03,13.80,13.80,80774996
6-Nov-13,13.99,14.02,13.91,13.96,66712941
5-Nov-13,13.99,14.02,13.90,13.93,71809708
4-Nov-13,14.09,14.12,14.00,14.04,53063221
1-Nov-13,14.00,14.10,13.96,14.02,75610402
31-Oct-13,14.14,14.16,13.96,13.97,105713401
30-Oct-13,14.19,14.29,14.15,14.17,76624191
29-Oct-13,14.26,14.29,14.06,14.15,79563054
28-Oct-13,14.29,14.32,14.21,14.23,62328002
25-Oct-13,14.15,14.27,14.14,14.26,58592374
24-Oct-13,14.12,14.20,14.07,14.17,92566075
23-Oct-13,14.45,14.48,14.17,14.21,108529710
22-Oct-13,14.55,14.63,14.45,14.52,102835983
21-Oct-13,14.53,14.59,14.47,14.52,91280611
18-Oct-13,14.68,14.72,14.53,14.63,96986444
17-Oct-13,14.44,14.66,14.41,14.66,94090794
16-Oct-13,14.32,14.61,14.32,14.56,153480986
15-Oct-13,14.39,14.43,14.21,14.24,102099279
14-Oct-13,14.06,14.39,14.05,14.35,78367537
11-Oct-13,14.24,14.28,14.11,14.19,83421972
10-Oct-13,14.03,14.25,14.01,14.23,102305780
9-Oct-13,13.72,13.93,13.69,13.84,96012822
8-Oct-13,13.83,13.90,13.68,13.69,92746201
7-Oct-13,13.91,13.95,13.80,13.81,64822703
4-Oct-13,14.02,14.08,13.96,14.05,63495447
3-Oct-13,14.07,14.10,13.83,14.00,95269005
2-Oct-13,13.81,14.10,13.79,14.06,89186302
1-Oct-13,13.85,13.92,13.81,13.90,57631044
30-Sep-13,13.68,13.93,13.60,13.80,104439893
27-Sep-13,13.99,14.03,13.88,13.90,79156075
26-Sep-13,14.19,14.22,13.98,14.08,89352855
25-Sep-13,14.12,14.24,14.03,14.14,86549982
24-Sep-13,14.18,14.25,14.01,14.09,96912766
23-Sep-13,14.31,14.32,14.09,14.14,127283057
20-Sep-13,14.66,14.66,14.44,14.44,145174775
19-Sep-13,14.80,14.83,14.58,14.61,79710935
18-Sep-13,14.53,14.82,14.49,14.72,127490707
17-Sep-13,14.53,14.62,14.40,14.55,73686195
16-Sep-13,14.61,14.68,14.53,14.53,65822451
13-Sep-13,14.46,14.55,14.45,14.49,56793351
12-Sep-13,14.65,14.68,14.46,14.48,63355875
11-Sep-13,14.56,14.68,14.52,14.65,74028224
10-Sep-13,14.52,14.69,14.52,14.61,93180785
9-Sep-13,14.41,14.49,14.37,14.48,53449499
6-Sep-13,14.47,14.50,14.27,14.36,75513078
5-Sep-13,14.41,14.55,14.36,14.37,71229778
4-Sep-13,14.22,14.40,14.20,14.32,71133159
3-Sep-13,14.30,14.38,14.18,14.25,74628670
30-Aug-13,14.23,14.25,14.07,14.12,73233313
29-Aug-13,14.14,14.30,14.12,14.17,76691494
28-Aug-13,14.07,14.25,13.99,14.12,96473600
27-Aug-13,14.26,14.41,14.10,14.11,122534141
26-Aug-13,14.53,14.70,14.49,14.49,68938895
23-Aug-13,14.59,14.69,14.51,14.57,67699182
22-Aug-13,14.47,14.60,14.40,14.57,76350888
21-Aug-13,14.26,14.48,14.20,14.34,91680577
20-Aug-13,14.18,14.38,13.98,14.29,114332418
19-Aug-13,14.37,14.38,14.13,14.15,98384598
16-Aug-13,14.29,14.47,14.21,14.42,104959382
15-Aug-13,14.46,14.47,14.31,14.32,99238892
14-Aug-13,14.55,14.75,14.54,14.60,78553636
13-Aug-13,14.47,14.62,14.33,14.51,75778217
12-Aug-13,14.36,14.47,14.32,14.41,60868054
9-Aug-13,14.56,14.61,14.40,14.45,73005190
8-Aug-13,14.68,14.70,14.44,14.61,88544006
7-Aug-13,14.43,14.57,14.25,14.53,128693541
6-Aug-13,14.74,14.76,14.63,14.64,84249756
5-Aug-13,14.77,14.84,14.70,14.80,61711806
2-Aug-13,14.88,14.91,14.78,14.84,83376107
1-Aug-13,14.84,14.97,14.82,14.95,108554858
31-Jul-13,14.58,14.85,14.57,14.60,128183126
30-Jul-13,14.58,14.63,14.46,14.52,71675182
29-Jul-13,14.65,14.70,14.45,14.52,88769094
26-Jul-13,14.70,14.76,14.62,14.73,73779181
25-Jul-13,14.62,14.85,14.54,14.83,89385238
24-Jul-13,15.00,15.00,14.68,14.71,117772204
23-Jul-13,14.98,15.03,14.86,14.94,113736935
22-Jul-13,14.74,14.99,14.65,14.92,112420778
19-Jul-13,14.76,14.76,14.60,14.75,136197082
18-Jul-13,14.40,14.85,14.40,14.76,221798234
17-Jul-13,14.06,14.44,14.04,14.31,249676278
16-Jul-13,13.93,14.02,13.77,13.92,146041877
15-Jul-13,13.93,13.94,13.76,13.88,90767808
12-Jul-13,13.54,13.80,13.47,13.78,123981828
11-Jul-13,13.54,13.58,13.33,13.51,93757317
10-Jul-13,13.51,13.53,13.31,13.37,104353676
9-Jul-13,13.37,13.53,13.25,13.53,106067234
8-Jul-13,13.11,13.37,13.08,13.28,107441115
5-Jul-13,12.99,13.08,12.91,13.06,80761175
3-Jul-13,12.82,12.84,12.73,12.83,37971763
2-Jul-13,12.95,13.10,12.80,12.90,83709552
1-Jul-13,12.95,13.10,12.92,12.93,83146293
28-Jun-13,12.97,13.00,12.84,12.86,90297293
27-Jun-13,12.84,13.03,12.78,13.01,124616207
26-Jun-13,12.84,12.85,12.68,12.76,105291942
25-Jun-13,12.61,12.77,12.43,12.67,132844520
24-Jun-13,12.40,12.45,12.13,12.30,159762436
21-Jun-13,12.99,13.00,12.39,12.69,195963564
20-Jun-13,13.08,13.14,12.80,12.89,185775553
19-Jun-13,13.28,13.40,13.17,13.19,103850669
18-Jun-13,13.22,13.34,13.20,13.27,67257543
17-Jun-13,13.17,13.26,13.13,13.21,115455134
14-Jun-13,13.23,13.24,13.03,13.07,86041737
13-Jun-13,13.00,13.26,12.97,13.21,103642226
12-Jun-13,13.24,13.25,12.97,13.06,117289336
11-Jun-13,13.11,13.28,13.07,13.12,105869525
10-Jun-13,13.49,13.55,13.26,13.30,104649778
7-Jun-13,13.33,13.39,13.15,13.38,121059111
6-Jun-13,13.08,13.24,12.85,13.20,142366148
5-Jun-13,13.28,13.45,12.97,13.09,185778897
4-Jun-13,13.51,13.67,13.31,13.36,130055375
3-Jun-13,13.69,13.73,13.21,13.55,197188955
31-May-13,13.91,13.99,13.65,13.66,160182054
30-May-13,13.50,13.93,13.43,13.83,153383396
29-May-13,13.31,13.56,13.27,13.48,126545329
28-May-13,13.49,13.51,13.31,13.35,133562404
24-May-13,13.17,13.26,13.12,13.24,83452519
23-May-13,12.93,13.42,12.82,13.21,190535023
22-May-13,13.48,13.73,13.17,13.31,174550944
21-May-13,13.52,13.56,13.36,13.44,111810381
20-May-13,13.39,13.60,13.39,13.51,88941883
17-May-13,13.50,13.52,13.39,13.43,107338813
16-May-13,13.41,13.55,13.32,13.36,117976982
15-May-13,13.29,13.55,13.29,13.44,139734261
14-May-13,13.04,13.36,13.02,13.34,154148109
13-May-13,12.98,13.10,12.95,12.98,94295559
10-May-13,12.94,13.04,12.89,13.02,87625262
9-May-13,13.05,13.06,12.87,12.91,112952459
8-May-13,12.85,13.18,12.84,13.02,149766334
7-May-13,12.92,13.11,12.76,12.90,218248162
6-May-13,12.39,12.89,12.36,12.88,265062734
3-May-13,12.36,12.41,12.20,12.24,94324333
2-May-13,12.17,12.21,12.05,12.19,76530413
1-May-13,12.20,12.27,12.08,12.14,88418671
30-Apr-13,12.39,12.40,12.20,12.31,89387200
29-Apr-13,12.45,12.48,12.37,12.38,65445190
26-Apr-13,12.34,12.46,12.29,12.42,83093186
25-Apr-13,12.39,12.54,12.36,12.44,118694815
24-Apr-13,12.14,12.37,12.12,12.31,120624863
23-Apr-13,11.92,12.16,11.90,12.07,176818601
22-Apr-13,11.68,11.75,11.57,11.72,88539055
19-Apr-13,11.56,11.69,11.43,11.66,119792046
18-Apr-13,11.61,11.65,11.23,11.44,220290433
17-Apr-13,11.91,12.02,11.45,11.70,335408534
16-Apr-13,12.21,12.36,12.08,12.28,147641876
15-Apr-13,12.19,12.32,11.97,11.98,176520060
12-Apr-13,12.14,12.25,12.07,12.17,88193038
11-Apr-13,12.31,12.33,12.16,12.27,100525264
10-Apr-13,12.31,12.40,12.26,12.32,105853816
9-Apr-13,12.25,12.35,12.21,12.25,132365764
8-Apr-13,12.01,12.21,11.91,12.21,101419162
5-Apr-13,11.67,12.01,11.64,11.97,141061806
4-Apr-13,11.81,11.99,11.72,11.94,117831400
3-Apr-13,12.12,12.14,11.72,11.81,199765816
2-Apr-13,12.24,12.24,12.14,12.15,102625945
1-Apr-13,12.15,12.28,12.10,12.15,86322420
28-Mar-13,12.24,12.28,12.11,12.18,92023038
27-Mar-13,12.14,12.28,12.12,12.23,107177178
26-Mar-13,12.45,12.50,12.15,12.28,135654669
25-Mar-13,12.68,12.72,12.32,12.40,154320177
22-Mar-13,12.62,12.67,12.48,12.56,101974367
21-Mar-13,12.71,12.84,12.55,12.57,154529990
20-Mar-13,12.78,12.89,12.71,12.78,219123430
19-Mar-13,12.79,12.94,12.59,12.71,242939509
18-Mar-13,12.29,12.68,12.26,12.56,189783211
15-Mar-13,12.52,12.66,12.35,12.57,319033593
14-Mar-13,12.12,12.19,12.10,12.11,115439918
13-Mar-13,12.04,12.11,11.98,12.06,86219386
12-Mar-13,12.11,12.18,11.91,12.01,128135229
11-Mar-13,12.08,12.22,12.02,12.15,106427780
8-Mar-13,12.42,12.44,12.02,12.07,209777037
7-Mar-13,12.00,12.28,11.98,12.26,212403845
6-Mar-13,11.77,12.02,11.76,11.92,182557483
5-Mar-13,11.56,11.71,11.53,11.55,135869609
4-Mar-13,11.27,11.45,11.22,11.41,116435963
1-Mar-13,11.13,11.55,11.02,11.34,189052441
28-Feb-13,11.32,11.37,11.20,11.23,143562609
27-Feb-13,11.15,11.36,11.10,11.30,147145541
26-Feb-13,11.12,11.22,11.03,11.13,173039902
25-Feb-13,11.60,11.61,10.98,11.03,206894711
22-Feb-13,11.62,11.64,11.26,11.44,179268199
21-Feb-13,11.72,11.73,11.35,11.42,235839535
20-Feb-13,12.18,12.29,11.75,11.80,193466510
19-Feb-13,12.10,12.31,12.06,12.19,170783384
15-Feb-13,12.20,12.21,11.97,12.03,158244135
14-Feb-13,12.09,12.27,12.07,12.13,144104724
13-Feb-13,12.35,12.42,12.05,12.17,192781407
12-Feb-13,11.87,12.34,11.78,12.24,232173880
11-Feb-13,11.73,11.90,11.67,11.86,103610341
8-Feb-13,11.86,11.90,11.72,11.76,145321092
7-Feb-13,11.97,11.98,11.73,11.84,173209837
6-Feb-13,11.73,11.97,11.73,11.93,173626798
5-Feb-13,11.59,11.98,11.56,11.88,187785851
4-Feb-13,11.58,11.69,11.46,11.48,139732903
1-Feb-13,11.41,11.73,11.37,11.71,161190403
31-Jan-13,11.32,11.36,11.22,11.32,97030298
30-Jan-13,11.49,11.54,11.35,11.38,89138474
29-Jan-13,11.42,11.58,11.40,11.49,96824790
28-Jan-13,11.64,11.67,11.43,11.48,91305827
25-Jan-13,11.69,11.72,11.51,11.62,100175573
24-Jan-13,11.45,11.67,11.42,11.53,127870791
23-Jan-13,11.38,11.44,11.23,11.42,121638133
22-Jan-13,11.12,11.36,11.09,11.35,137242681
18-Jan-13,11.26,11.33,11.02,11.14,179983559
17-Jan-13,11.69,11.70,11.17,11.28,323643763
16-Jan-13,11.58,11.79,11.47,11.78,164579232
15-Jan-13,11.38,11.62,11.30,11.55,126058221
14-Jan-13,11.61,11.63,11.38,11.47,110032806
11-Jan-13,11.70,11.72,11.51,11.63,146145932
10-Jan-13,11.61,11.81,11.54,11.78,199964894
9-Jan-13,11.87,12.00,11.33,11.43,336167554
8-Jan-13,12.09,12.10,11.89,11.98,168464584
7-Jan-13,12.15,12.20,12.00,12.09,201403463
4-Jan-13,11.97,12.11,11.93,12.11,132605616
3-Jan-13,12.01,12.05,11.88,11.96,157149647
2-Jan-13,12.05,12.15,11.90,12.03,236021324
31-Dec-12,11.37,11.65,11.30,11.61,170863583
28-Dec-12,11.32,11.49,11.27,11.36,131872147
27-Dec-12,11.66,11.69,11.23,11.47,210411308
26-Dec-12,11.29,11.63,11.27,11.54,146097827
24-Dec-12,11.27,11.29,11.21,11.25,50657079
21-Dec-12,11.20,11.35,11.12,11.29,244898764
20-Dec-12,11.10,11.52,11.08,11.52,184458376
19-Dec-12,11.40,11.49,11.17,11.19,193014232
18-Dec-12,11.24,11.36,11.05,11.36,255544425
17-Dec-12,10.64,11.00,10.64,11.00,170748213
14-Dec-12,10.54,10.60,10.52,10.58,91707132
13-Dec-12,10.59,10.66,10.51,10.54,106232015
12-Dec-12,10.59,10.70,10.51,10.61,166819283
11-Dec-12,10.64,10.71,10.50,10.51,159126647
10-Dec-12,10.60,10.63,10.46,10.57,148065199
7-Dec-12,10.56,10.68,10.48,10.64,192055032
6-Dec-12,10.51,10.58,10.29,10.46,176607841
5-Dec-12,9.97,10.56,9.95,10.46,463490991
4-Dec-12,9.79,9.91,9.77,9.91,144315279
3-Dec-12,9.93,9.94,9.78,9.80,99876003
30-Nov-12,9.78,9.87,9.76,9.86,108745206
29-Nov-12,9.84,9.88,9.76,9.83,125905342
28-Nov-12,9.56,9.76,9.38,9.76,152946578
27-Nov-12,9.89,9.95,9.66,9.66,149683972
26-Nov-12,9.82,9.87,9.75,9.84,99730864
23-Nov-12,9.84,9.90,9.80,9.90,59047949
21-Nov-12,9.67,9.78,9.63,9.77,132499297
20-Nov-12,9.46,9.68,9.42,9.63,150696105
19-Nov-12,9.36,9.53,9.32,9.49,146245636
16-Nov-12,9.12,9.21,8.92,9.12,178995174
15-Nov-12,9.03,9.20,9.02,9.09,144591830
14-Nov-12,9.38,9.42,8.95,8.99,197670284
13-Nov-12,9.31,9.55,9.28,9.33,119633986
12-Nov-12,9.50,9.52,9.38,9.39,68762142
9-Nov-12,9.30,9.59,9.27,9.43,141093092
8-Nov-12,9.49,9.60,9.38,9.39,224114198
7-Nov-12,9.63,9.67,9.22,9.23,286124274
6-Nov-12,9.82,9.97,9.75,9.94,132533436
5-Nov-12,9.83,9.92,9.62,9.75,121104362
2-Nov-12,9.87,9.97,9.77,9.85,220993485
1-Nov-12,9.34,9.75,9.27,9.74,207421049
31-Oct-12,9.20,9.35,9.15,9.32,95041628
26-Oct-12,9.16,9.27,9.05,9.12,124797132
25-Oct-12,9.36,9.42,9.17,9.24,121778842
24-Oct-12,9.45,9.49,9.30,9.31,121112964
23-Oct-12,9.44,9.47,9.28,9.36,160627523
22-Oct-12,9.47,9.56,9.41,9.55,132617526
19-Oct-12,9.42,9.55,9.39,9.44,169451622
18-Oct-12,9.38,9.57,9.37,9.47,149739251
17-Oct-12,9.42,9.60,9.30,9.44,229733443
16-Oct-12,9.53,9.60,9.38,9.46,172663629
15-Oct-12,9.24,9.44,9.16,9.44,154460399
12-Oct-12,9.16,9.28,9.05,9.12,158568927
11-Oct-12,9.39,9.42,9.30,9.34,122928607
10-Oct-12,9.19,9.27,9.06,9.21,110642256
9-Oct-12,9.32,9.38,9.04,9.21,153036069
8-Oct-12,9.16,9.38,9.13,9.28,81944144
5-Oct-12,9.56,9.65,9.23,9.32,204265502
4-Oct-12,9.20,9.42,9.15,9.41,160486438
3-Oct-12,8.98,9.12,8.91,9.11,115670042
2-Oct-12,9.10,9.10,8.88,8.93,109601533
1-Oct-12,8.87,9.13,8.85,8.96,133201886
28-Sep-12,8.89,8.93,8.79,8.83,119039443
27-Sep-12,8.94,9.07,8.90,8.97,119023784
26-Sep-12,8.86,8.91,8.70,8.82,158640211
25-Sep-12,9.16,9.21,8.91,8.92,146680813
24-Sep-12,8.99,9.20,8.95,9.10,113333744
21-Sep-12,9.35,9.35,9.08,9.11,155898347
20-Sep-12,9.14,9.25,9.08,9.19,111354278
19-Sep-12,9.33,9.46,9.26,9.29,126360059
18-Sep-12,9.16,9.29,9.09,9.23,150664912
17-Sep-12,9.39,9.49,9.27,9.30,141409237
14-Sep-12,9.60,9.79,9.45,9.55,329640908
13-Sep-12,8.89,9.48,8.81,9.40,331481920
12-Sep-12,9.15,9.19,8.87,8.97,204167069
11-Sep-12,8.63,9.05,8.58,9.03,201630395
10-Sep-12,8.84,8.92,8.53,8.58,190045581
7-Sep-12,8.46,8.80,8.45,8.80,232842961
6-Sep-12,8.04,8.35,8.03,8.35,200572910
5-Sep-12,7.99,8.02,7.93,7.95,55838890
4-Sep-12,8.08,8.11,7.95,8.00,81461719
31-Aug-12,8.00,8.02,7.88,7.99,91775594
30-Aug-12,7.95,7.95,7.83,7.91,91900025
29-Aug-12,7.98,8.10,7.98,8.00,106910853
28-Aug-12,8.04,8.11,7.95,7.96,91078673
27-Aug-12,8.20,8.20,8.05,8.07,96280304
24-Aug-12,8.12,8.21,8.03,8.16,88822168
23-Aug-12,8.22,8.27,8.12,8.15,98866186
22-Aug-12,8.14,8.32,8.12,8.22,140333753
21-Aug-12,8.25,8.40,8.16,8.19,190820700
20-Aug-12,7.98,8.19,7.98,8.15,100720371
17-Aug-12,7.97,8.12,7.94,8.00,138307687
16-Aug-12,7.89,7.96,7.83,7.93,78181131
15-Aug-12,7.75,7.87,7.73,7.87,73559144
14-Aug-12,7.78,7.90,7.74,7.78,104643945
13-Aug-12,7.72,7.83,7.68,7.72,58341240
10-Aug-12,7.66,7.76,7.63,7.74,50443703
9-Aug-12,7.68,7.76,7.67,7.72,59676500
8-Aug-12,7.58,7.77,7.57,7.67,73353428
7-Aug-12,7.71,7.85,7.66,7.67,119572110
6-Aug-12,7.45,7.68,7.44,7.64,112656982
3-Aug-12,7.30,7.49,7.27,7.43,130250730
2-Aug-12,7.12,7.26,7.10,7.18,112847923
1-Aug-12,7.35,7.36,7.21,7.22,97193136
31-Jul-12,7.28,7.34,7.21,7.34,86093529
30-Jul-12,7.28,7.38,7.26,7.28,74888499
27-Jul-12,7.20,7.40,7.14,7.31,146212513
26-Jul-12,7.22,7.24,7.11,7.17,121349225
25-Jul-12,7.11,7.16,7.01,7.07,117241276
24-Jul-12,7.16,7.18,6.97,7.04,138286604
23-Jul-12,6.94,7.15,6.90,7.09,168637998
20-Jul-12,7.20,7.21,7.06,7.07,160517237
19-Jul-12,7.56,7.65,7.12,7.26,260959155
18-Jul-12,7.88,7.93,7.50,7.53,254341059
17-Jul-12,7.92,7.93,7.75,7.92,127266766
16-Jul-12,7.92,7.96,7.77,7.81,109439858
13-Jul-12,7.56,7.83,7.55,7.82,177154559
12-Jul-12,7.53,7.55,7.43,7.48,107636999
11-Jul-12,7.49,7.69,7.45,7.63,128619349
10-Jul-12,7.65,7.67,7.40,7.48,101758286
9-Jul-12,7.63,7.70,7.53,7.56,87078298
6-Jul-12,7.69,7.80,7.65,7.66,116595171
5-Jul-12,8.03,8.06,7.82,7.82,120161969
3-Jul-12,8.06,8.12,8.01,8.06,57655357
2-Jul-12,8.20,8.21,7.87,8.05,152981039
29-Jun-12,8.00,8.20,7.95,8.18,258770011
28-Jun-12,7.62,7.75,7.53,7.74,133125331
27-Jun-12,7.68,7.82,7.61,7.77,111335452
26-Jun-12,7.65,7.68,7.48,7.62,129776698
25-Jun-12,7.74,7.74,7.56,7.60,151910923
22-Jun-12,7.96,8.01,7.79,7.94,142498302
21-Jun-12,8.11,8.17,7.80,7.82,227157541
20-Jun-12,8.16,8.22,8.02,8.14,213592985
19-Jun-12,7.88,8.21,7.86,8.11,248771441
18-Jun-12,7.77,7.91,7.73,7.76,140322616
15-Jun-12,7.72,7.90,7.55,7.90,211752092
14-Jun-12,7.52,7.69,7.45,7.66,157528221
13-Jun-12,7.40,7.61,7.35,7.50,162374411
12-Jun-12,7.32,7.50,7.22,7.49,148255588
11-Jun-12,7.72,7.77,7.28,7.28,204590685
8-Jun-12,7.35,7.58,7.20,7.56,234557612
7-Jun-12,7.81,7.90,7.38,7.42,276685277
6-Jun-12,7.24,7.77,7.18,7.64,356852822
5-Jun-12,6.91,7.14,6.90,7.10,147346633
4-Jun-12,7.10,7.10,6.85,6.90,163822179
1-Jun-12,7.12,7.19,6.94,7.02,240861972
31-May-12,7.21,7.37,7.04,7.35,203277182
30-May-12,7.33,7.41,7.10,7.20,206801493
29-May-12,7.28,7.45,7.22,7.44,159882991
25-May-12,7.07,7.25,7.07,7.15,108661149
24-May-12,7.26,7.33,7.01,7.14,206041434
23-May-12,6.90,7.17,6.85,7.17,194445391
22-May-12,6.92,7.15,6.86,6.98,221551458
21-May-12,7.03,7.11,6.72,6.83,230602061
18-May-12,7.01,7.03,6.89,7.02,224224145
17-May-12,7.10,7.25,6.93,6.98,241493022
16-May-12,7.40,7.47,7.08,7.11,216226004
15-May-12,7.37,7.55,7.25,7.30,201254885
14-May-12,7.37,7.52,7.35,7.35,170716714
11-May-12,7.48,7.77,7.41,7.55,245533515
10-May-12,7.91,7.94,7.67,7.70,158682899
9-May-12,7.67,7.82,7.65,7.73,174755100
8-May-12,7.87,7.90,7.69,7.79,180629868
7-May-12,7.71,8.00,7.66,7.96,167662525
4-May-12,7.90,7.92,7.70,7.74,194857160
3-May-12,8.18,8.18,7.91,8.00,204584751
2-May-12,8.21,8.23,8.12,8.16,136208868
1-May-12,8.11,8.40,8.08,8.31,177972531
30-Apr-12,8.22,8.24,8.04,8.11,137422222
27-Apr-12,8.34,8.34,8.19,8.25,107556141
26-Apr-12,8.19,8.40,8.17,8.27,131592832
25-Apr-12,8.30,8.35,8.17,8.26,164902371
24-Apr-12,8.25,8.27,8.10,8.21,192443792
23-Apr-12,8.02,8.30,7.95,8.18,256074000
20-Apr-12,8.78,8.78,8.33,8.36,277965234
19-Apr-12,9.16,9.17,8.67,8.77,348804721
18-Apr-12,8.88,9.00,8.84,8.92,160064035
17-Apr-12,8.96,9.00,8.87,8.92,193424338
16-Apr-12,8.87,8.93,8.62,8.79,217284490
13-Apr-12,9.08,9.08,8.68,8.68,282354506
12-Apr-12,8.93,9.18,8.91,9.17,223979804
11-Apr-12,8.78,8.91,8.72,8.86,252563689
10-Apr-12,8.97,9.09,8.50,8.54,377219912
9-Apr-12,9.04,9.04,8.83,8.93,211427527
5-Apr-12,9.14,9.40,9.11,9.23,180868064
4-Apr-12,9.35,9.36,9.15,9.20,228560573
3-Apr-12,9.67,9.67,9.41,9.49,190453302
2-Apr-12,9.54,9.78,9.41,9.68,179228981
30-Mar-12,9.61,9.64,9.35,9.57,250234655
29-Mar-12,9.63,9.68,9.43,9.53,253625799
28-Mar-12,9.62,9.78,9.58,9.75,234021548
27-Mar-12,9.86,9.90,9.58,9.60,250069557
26-Mar-12,10.01,10.04,9.85,9.93,242089557
23-Mar-12,9.47,9.95,9.40,9.85,283701718
22-Mar-12,9.66,9.77,9.52,9.60,264520444
21-Mar-12,9.96,10.03,9.74,9.82,327450031
20-Mar-12,9.63,9.97,9.59,9.81,451688502
19-Mar-12,9.78,10.10,9.51,9.53,669479897
16-Mar-12,9.41,9.80,9.33,9.80,582315650
15-Mar-12,8.98,9.25,8.85,9.24,489592917
14-Mar-12,8.66,8.90,8.56,8.84,488076986
13-Mar-12,8.07,8.50,8.05,8.49,386987078
12-Mar-12,8.01,8.06,7.91,7.99,165298806
9-Mar-12,8.12,8.19,8.01,8.05,195281368
8-Mar-12,8.07,8.12,8.00,8.06,160865694
7-Mar-12,7.81,8.02,7.77,8.02,328331859
6-Mar-12,7.78,7.79,7.66,7.71,263256460
5-Mar-12,8.09,8.13,7.95,7.97,196328228
2-Mar-12,8.11,8.21,8.10,8.13,143887406
1-Mar-12,8.09,8.17,8.05,8.12,197852988
29-Feb-12,8.16,8.24,7.97,7.97,266760587
28-Feb-12,8.05,8.15,8.00,8.12,193443166
27-Feb-12,7.79,8.05,7.67,8.04,298930800
24-Feb-12,8.05,8.09,7.88,7.88,163128158
23-Feb-12,7.97,8.05,7.90,8.02,144231783
22-Feb-12,8.06,8.13,7.95,7.95,229483532
21-Feb-12,8.02,8.20,8.00,8.11,333407695
17-Feb-12,8.04,8.08,7.92,8.02,355445546
16-Feb-12,7.71,8.13,7.66,8.09,337161160
15-Feb-12,8.01,8.12,7.77,7.78,372981346
14-Feb-12,8.15,8.17,7.95,7.98,385269237
13-Feb-12,8.27,8.31,8.07,8.25,308490106
10-Feb-12,8.05,8.12,7.98,8.07,254420725
9-Feb-12,8.31,8.35,8.10,8.18,480206673
8-Feb-12,7.96,8.15,7.93,8.13,436439603
7-Feb-12,7.95,7.99,7.80,7.85,253694162
6-Feb-12,7.78,7.97,7.77,7.97,236315966
3-Feb-12,7.66,7.89,7.63,7.84,364195664
2-Feb-12,7.43,7.49,7.33,7.45,232425334
1-Feb-12,7.25,7.44,7.21,7.36,318810976
31-Jan-12,7.17,7.19,7.05,7.13,212784692
30-Jan-12,7.13,7.15,7.02,7.07,231240009
27-Jan-12,7.21,7.35,7.20,7.29,230913969
26-Jan-12,7.45,7.50,7.23,7.30,265938718
25-Jan-12,7.20,7.37,7.15,7.35,249340065
24-Jan-12,7.11,7.35,7.06,7.29,228810287
23-Jan-12,7.13,7.37,7.11,7.25,339942182
20-Jan-12,6.95,7.08,6.83,7.07,236630627
19-Jan-12,7.21,7.29,6.74,6.96,491008079
18-Jan-12,6.50,6.80,6.46,6.80,302497681
17-Jan-12,6.63,6.82,6.44,6.48,294202725
13-Jan-12,6.49,6.69,6.41,6.61,337542988
12-Jan-12,6.99,7.02,6.66,6.79,362099516
11-Jan-12,6.60,6.90,6.52,6.87,354039516
10-Jan-12,6.44,6.66,6.44,6.63,354292048
9-Jan-12,6.26,6.37,6.19,6.27,240614372
6-Jan-12,6.21,6.30,6.06,6.18,299630504
5-Jan-12,5.75,6.35,5.71,6.31,547779981
4-Jan-12,5.71,5.88,5.59,5.81,243711165
3-Jan-12,5.75,5.89,5.74,5.80,246293197
30-Dec-11,5.39,5.58,5.37,5.56,176440906
29-Dec-11,5.29,5.48,5.28,5.46,168098470
28-Dec-11,5.45,5.46,5.27,5.28,146104410
27-Dec-11,5.55,5.58,5.46,5.48,158575338
23-Dec-11,5.54,5.63,5.47,5.60,190711941
22-Dec-11,5.26,5.51,5.21,5.47,303085830
21-Dec-11,5.18,5.25,5.10,5.23,203711768
20-Dec-11,5.11,5.22,5.04,5.17,239246039
19-Dec-11,5.20,5.22,4.92,4.98,344317658
16-Dec-11,5.31,5.42,5.16,5.20,227111217
15-Dec-11,5.33,5.37,5.21,5.26,196092036
14-Dec-11,5.24,5.37,5.20,5.23,226723028
13-Dec-11,5.56,5.60,5.22,5.32,227194179
12-Dec-11,5.59,5.60,5.40,5.45,191823962
9-Dec-11,5.67,5.85,5.63,5.72,293654049
8-Dec-11,5.84,5.88,5.53,5.59,286031003
7-Dec-11,5.73,5.92,5.70,5.89,244700056
6-Dec-11,5.74,5.92,5.70,5.78,254787150
5-Dec-11,5.86,5.95,5.73,5.79,293977638
2-Dec-11,5.67,5.88,5.61,5.64,283132826
1-Dec-11,5.37,5.63,5.29,5.53,315495433
30-Nov-11,5.40,5.44,5.18,5.44,436268117
29-Nov-11,5.19,5.28,5.03,5.08,333749799
28-Nov-11,5.50,5.53,5.14,5.25,345537873
25-Nov-11,5.16,5.33,5.12,5.17,138425097
23-Nov-11,5.30,5.31,5.11,5.14,265346095
22-Nov-11,5.52,5.58,5.32,5.37,270958947
21-Nov-11,5.66,5.68,5.48,5.49,269658276
18-Nov-11,5.86,5.89,5.75,5.78,227038577
17-Nov-11,5.98,6.03,5.79,5.80,285881825
16-Nov-11,6.09,6.09,5.90,5.90,292502332
15-Nov-11,6.01,6.24,6.00,6.13,268228423
14-Nov-11,6.16,6.19,6.02,6.05,225481650
11-Nov-11,6.12,6.29,6.12,6.21,210025813
10-Nov-11,6.32,6.33,6.01,6.03,324987962
9-Nov-11,6.31,6.36,6.15,6.16,265538966
8-Nov-11,6.54,6.59,6.40,6.53,219000565
7-Nov-11,6.44,6.59,6.30,6.45,192433488
4-Nov-11,6.73,6.75,6.45,6.49,266446252
3-Nov-11,6.91,6.98,6.58,6.91,244340307
2-Nov-11,6.72,6.74,6.57,6.72,217204062
1-Nov-11,6.38,6.68,6.32,6.40,371826202
31-Oct-11,7.09,7.16,6.82,6.83,252026898
28-Oct-11,7.08,7.43,7.05,7.35,273167237
27-Oct-11,7.11,7.23,6.90,7.22,409002393
26-Oct-11,6.58,6.66,6.44,6.59,208197339
25-Oct-11,6.65,6.67,6.46,6.46,200837424
24-Oct-11,6.59,6.74,6.49,6.72,217032311
21-Oct-11,6.59,6.65,6.38,6.46,252586372
20-Oct-11,6.43,6.48,6.18,6.47,254971699
19-Oct-11,6.68,6.86,6.37,6.40,318554203
18-Oct-11,6.27,6.79,6.16,6.64,496883702
17-Oct-11,6.18,6.28,6.03,6.03,175512118
14-Oct-11,6.31,6.36,6.12,6.19,203564430
13-Oct-11,6.44,6.44,6.17,6.22,230115308
12-Oct-11,6.51,6.74,6.34,6.58,284617666
11-Oct-11,6.18,6.47,6.13,6.37,204431086
10-Oct-11,6.14,6.29,6.12,6.28,225326525
7-Oct-11,6.32,6.33,5.88,5.90,285598230
6-Oct-11,5.77,6.31,5.65,6.28,336087347
5-Oct-11,5.71,5.83,5.51,5.77,291785613
4-Oct-11,5.48,5.76,5.13,5.76,448257110
3-Oct-11,6.08,6.18,5.52,5.53,369335073
30-Sep-11,6.18,6.32,6.11,6.12,175455608
29-Sep-11,6.40,6.45,6.15,6.35,224013021
28-Sep-11,6.51,6.53,6.16,6.16,222449268
27-Sep-11,6.84,6.85,6.41,6.48,231598818
26-Sep-11,6.48,6.60,6.31,6.60,228406326
23-Sep-11,6.09,6.39,6.07,6.31,503373996
22-Sep-11,6.24,6.28,6.00,6.06,384622462
21-Sep-11,6.95,6.97,6.36,6.38,382535571
20-Sep-11,7.04,7.06,6.90,6.90,142828633
19-Sep-11,7.06,7.07,6.94,6.99,199254661
16-Sep-11,7.38,7.39,7.08,7.23,240540328
15-Sep-11,7.18,7.34,7.13,7.33,230299605
14-Sep-11,7.09,7.13,6.92,7.05,212940147
13-Sep-11,7.09,7.18,6.97,7.00,220657470
12-Sep-11,6.85,7.10,6.81,7.05,286856001
9-Sep-11,7.11,7.21,6.96,6.98,255828795
8-Sep-11,7.38,7.44,7.20,7.20,204593524
7-Sep-11,7.23,7.52,7.10,7.48,257251715
6-Sep-11,6.91,7.07,6.80,6.99,283114107
2-Sep-11,7.31,7.45,7.17,7.25,305988590
1-Sep-11,8.18,8.18,7.91,7.91,243556553
31-Aug-11,8.28,8.29,8.11,8.17,282263446
30-Aug-11,8.29,8.39,8.05,8.12,297220344
29-Aug-11,8.10,8.41,7.96,8.39,363420458
26-Aug-11,7.62,7.98,7.45,7.76,424194569
25-Aug-11,8.29,8.80,7.38,7.65,859643322
24-Aug-11,6.36,7.05,6.32,6.99,602753000
23-Aug-11,6.37,6.44,6.01,6.30,563788746
22-Aug-11,7.20,7.22,6.42,6.42,398777750
19-Aug-11,6.80,7.12,6.75,6.97,289217893
18-Aug-11,7.05,7.09,6.78,7.01,335205416
17-Aug-11,7.46,7.59,7.40,7.46,159346197
16-Aug-11,7.61,7.66,7.34,7.40,275997227
15-Aug-11,7.46,7.84,7.35,7.76,268370334
12-Aug-11,7.49,7.71,7.13,7.19,298997753
11-Aug-11,7.10,7.42,6.96,7.25,344078942
10-Aug-11,7.53,7.59,6.74,6.77,493986436
9-Aug-11,7.02,7.66,6.68,7.60,496094438
8-Aug-11,7.40,7.70,6.31,6.51,238190111
5-Aug-11,8.97,9.05,8.03,8.17,546781547
4-Aug-11,9.37,9.46,8.77,8.83,305309295
3-Aug-11,9.49,9.59,9.32,9.54,175691149
2-Aug-11,9.76,9.86,9.47,9.49,173972565
1-Aug-11,10.04,10.05,9.70,9.81,159616632
29-Jul-11,9.64,9.95,9.60,9.71,187926626
28-Jul-11,9.72,9.85,9.69,9.79,113623284
27-Jul-11,9.92,9.94,9.68,9.68,151491693
26-Jul-11,9.97,10.09,9.91,10.00,121168668
25-Jul-11,9.97,10.07,9.88,10.01,130582697
22-Jul-11,10.26,10.27,10.05,10.13,138456149
21-Jul-11,10.03,10.28,10.00,10.23,238508384
20-Jul-11,9.66,10.00,9.63,9.85,249783710
19-Jul-11,9.75,9.85,9.40,9.57,322430260
18-Jul-11,9.88,9.93,9.53,9.72,226934177
15-Jul-11,10.12,10.18,9.88,10.00,183415927
14-Jul-11,10.30,10.33,10.06,10.07,148536060
13-Jul-11,10.27,10.36,10.15,10.20,164765421
12-Jul-11,10.27,10.40,10.20,10.21,145156048
11-Jul-11,10.53,10.55,10.30,10.35,145323858
8-Jul-11,10.75,10.80,10.61,10.70,129603917
7-Jul-11,10.90,10.96,10.85,10.92,113940322
6-Jul-11,10.83,10.85,10.66,10.74,145455636
5-Jul-11,11.06,11.07,10.91,11.00,110261098
1-Jul-11,10.98,11.14,10.92,11.09,137487688
30-Jun-11,11.17,11.18,10.84,10.96,256379505
29-Jun-11,11.17,11.25,11.00,11.14,301628637
28-Jun-11,10.91,10.92,10.77,10.82,113026960
27-Jun-11,10.52,10.95,10.52,10.85,202827568
24-Jun-11,10.73,10.77,10.48,10.52,122210128
23-Jun-11,10.65,10.77,10.56,10.71,180604356
22-Jun-11,10.79,10.94,10.78,10.79,102488588
21-Jun-11,10.68,10.87,10.53,10.83,109392521
20-Jun-11,10.59,10.66,10.53,10.60,88402480
17-Jun-11,10.75,10.77,10.58,10.68,116777295
16-Jun-11,10.45,10.69,10.40,10.60,200128471
15-Jun-11,10.60,10.67,10.41,10.50,213408180
14-Jun-11,11.12,11.12,10.75,10.80,173050970
13-Jun-11,10.89,11.02,10.64,10.97,186095839
10-Jun-11,10.62,11.03,10.41,10.80,210796231
9-Jun-11,10.58,10.75,10.50,10.65,129533294
8-Jun-11,10.59,10.79,10.50,10.54,159384163
7-Jun-11,10.96,11.05,10.60,10.65,160238244
6-Jun-11,11.18,11.20,10.75,10.83,213289385
3-Jun-11,11.20,11.45,11.16,11.28,115786634
2-Jun-11,11.29,11.42,11.08,11.29,198073966
1-Jun-11,11.71,11.74,11.23,11.24,176331774
31-May-11,11.87,11.92,11.62,11.75,106228129
27-May-11,11.57,11.78,11.54,11.69,107370390
26-May-11,11.39,11.56,11.38,11.46,124140392
25-May-11,11.35,11.58,11.35,11.38,103589450
24-May-11,11.45,11.51,11.29,11.46,129513380
23-May-11,11.47,11.52,11.38,11.42,122145885
20-May-11,11.64,11.78,11.53,11.58,116017789
19-May-11,11.88,11.89,11.68,11.69,121195932
18-May-11,11.90,11.90,11.73,11.79,153004105
17-May-11,11.81,11.94,11.80,11.90,144999103
16-May-11,11.89,12.11,11.82,11.86,123751356
13-May-11,12.20,12.21,11.91,11.93,159070447
12-May-11,12.20,12.27,12.09,12.20,111987934
11-May-11,12.28,12.43,12.23,12.25,150546432
10-May-11,12.21,12.37,12.18,12.28,91434913
9-May-11,12.28,12.32,12.11,12.18,110684570
6-May-11,12.41,12.45,12.28,12.31,111375674
5-May-11,12.41,12.47,12.20,12.30,130950167
4-May-11,12.64,12.68,12.42,12.49,99361154
3-May-11,12.35,12.71,12.33,12.60,145585444
2-May-11,12.36,12.47,12.28,12.34,89959571
29-Apr-11,12.39,12.42,12.28,12.28,87172763
28-Apr-11,12.31,12.45,12.25,12.42,92414476
27-Apr-11,12.24,12.40,12.23,12.33,118749766
26-Apr-11,12.49,12.53,12.23,12.23,146778876
25-Apr-11,12.32,12.60,12.32,12.44,112414336
21-Apr-11,12.33,12.40,12.24,12.31,100962291
20-Apr-11,12.43,12.48,12.21,12.27,180084671
19-Apr-11,12.53,12.53,12.15,12.34,182637989
18-Apr-11,12.59,12.60,12.24,12.42,262174846
15-Apr-11,13.22,13.33,12.82,12.82,266345803
14-Apr-11,13.16,13.26,13.07,13.13,115641585
13-Apr-11,13.61,13.64,13.21,13.27,124675884
12-Apr-11,13.40,13.58,13.31,13.47,100578453
11-Apr-11,13.50,13.59,13.43,13.49,63352850
8-Apr-11,13.63,13.72,13.45,13.48,87742979
7-Apr-11,13.79,13.88,13.54,13.61,119233696
6-Apr-11,13.60,13.78,13.53,13.72,136154424
5-Apr-11,13.43,13.50,13.37,13.47,65763004
4-Apr-11,13.40,13.59,13.40,13.44,71139078
1-Apr-11,13.45,13.61,13.35,13.37,95052790
31-Mar-11,13.35,13.39,13.29,13.33,87122914
30-Mar-11,13.40,13.56,13.27,13.45,121113035
29-Mar-11,13.41,13.41,13.16,13.35,117741630
28-Mar-11,13.42,13.56,13.37,13.37,78642394
25-Mar-11,13.49,13.53,13.32,13.34,115332233
24-Mar-11,13.56,13.59,13.32,13.48,170865143
23-Mar-11,13.72,13.74,13.37,13.65,230635542
22-Mar-11,14.04,14.05,13.88,13.88,86449108
21-Mar-11,14.20,14.22,13.90,14.05,114396968
18-Mar-11,14.20,14.29,13.98,14.04,199257454
17-Mar-11,13.89,14.04,13.75,13.98,131784620
16-Mar-11,14.01,14.10,13.66,13.69,178753961
15-Mar-11,13.77,14.06,13.71,13.96,167883605
14-Mar-11,14.26,14.35,14.07,14.23,112180235
11-Mar-11,14.11,14.43,14.10,14.38,111594336
10-Mar-11,14.42,14.46,14.26,14.26,155649097
9-Mar-11,14.66,14.69,14.48,14.59,148378728
8-Mar-11,14.27,14.70,14.20,14.69,250546601
7-Mar-11,14.18,14.27,13.92,14.03,139041926
4-Mar-11,14.30,14.31,13.98,14.12,146239668
3-Mar-11,14.05,14.29,14.05,14.27,139516278
2-Mar-11,13.92,14.07,13.81,13.83,115609354
1-Mar-11,14.32,14.35,13.91,13.93,161267380
28-Feb-11,14.27,14.48,14.16,14.29,137039110
25-Feb-11,14.16,14.32,14.12,14.20,126872985
24-Feb-11,14.11,14.16,13.79,13.97,201697481
23-Feb-11,14.17,14.44,13.92,14.17,196363566
22-Feb-11,14.38,14.52,14.09,14.18,187522725
18-Feb-11,14.84,14.89,14.67,14.75,98368937
17-Feb-11,14.75,14.91,14.73,14.81,103495339
16-Feb-11,14.81,14.88,14.70,14.84,132821824
15-Feb-11,14.80,14.88,14.69,14.77,109532236
14-Feb-11,14.78,14.95,14.71,14.89,112574112
11-Feb-11,14.37,14.87,14.35,14.77,156195945
10-Feb-11,14.50,14.64,14.47,14.49,132240785
9-Feb-11,14.46,14.69,14.41,14.64,150179061
8-Feb-11,14.64,14.76,14.50,14.61,158426197
7-Feb-11,14.51,14.77,14.43,14.67,149423470
4-Feb-11,14.43,14.47,14.11,14.29,141015157
3-Feb-11,14.16,14.47,14.15,14.43,145885245
2-Feb-11,14.33,14.35,14.13,14.24,140312631
1-Feb-11,13.90,14.37,13.87,14.31,211978400
31-Jan-11,13.71,13.79,13.64,13.73,118000791
28-Jan-11,13.83,14.06,13.58,13.60,226452444
27-Jan-11,13.58,13.67,13.48,13.67,153086043
26-Jan-11,13.71,13.77,13.55,13.55,145810244
25-Jan-11,13.78,13.84,13.40,13.63,303642014
24-Jan-11,14.25,14.26,13.88,13.92,225424630
21-Jan-11,14.41,14.71,14.22,14.25,291812578
20-Jan-11,14.27,14.60,13.94,14.54,245219566
19-Jan-11,14.85,14.95,14.35,14.37,247013181
18-Jan-11,15.08,15.16,14.85,15.00,198400484
14-Jan-11,14.74,15.31,14.68,15.25,282493775
13-Jan-11,15.01,15.02,14.72,14.77,159253054
12-Jan-11,14.89,14.99,14.85,14.99,204060755
11-Jan-11,14.61,14.73,14.53,14.69,212239368
10-Jan-11,14.17,14.43,14.09,14.40,185382517
7-Jan-11,14.54,14.68,13.98,14.25,392328622
6-Jan-11,14.54,14.69,14.34,14.44,241658478
5-Jan-11,14.19,14.60,14.15,14.50,246151179
4-Jan-11,14.23,14.25,14.02,14.24,218978104
3-Jan-11,13.85,14.23,13.80,14.19,354322256
